,users_avg,prb_ul_usage_rate_avg,hsr_intra_freq,hsr_inter_freq,cell_throughput_dl_avg,user_throughput_ul_avg,tp_carrier_aggr,carrier_aggr_usage,cqi_avg,daytime
5175,20.26805555555556,2.575232222222222,100.0,100.0,9278.408435594696,10619.04151260624,18743.04808291329,10.060064400243547,10.607994244705305,0.0
5364,20.925,1.5520177777777775,100.0,33.33333333333333,9041.260378564912,819.2817272003857,28622.38833034473,61.688822184105206,8.887593294253282,0.0
5365,17.915277777777778,2.932027777777778,100.0,11.11111111111111,10324.113148354554,1434.4412523737644,26275.411778906822,33.08740863701618,11.133732498326625,0.0
5531,17.580555555555556,3.6035116666666656,100.0,66.66666666666666,26683.525563497555,2040.2451922184869,32043.92889814723,94.5699202056722,8.592946860468974,0.0
5629,18.22222222222222,1.4964,100.0,18.75,10258.11006670031,1219.4267697083465,14044.58805299636,16.25526699113271,11.060865705733663,0.0
mean,23.96996838367071,6.392306093247367,98.55402731649585,97.93920680936544,14462.971926135126,2057.000329408348,24057.250370858645,16.71476802954035,8.891685543844146,0.0
